,largeur mm,hauteur mm,longueur m,cubage,prix pièce,,prix m3 72mm,,fournisseur,Nom,Référence,Catégorie,Essence
LC,72,225,2,"0,0324","24,79 €",,765,,LCCO,72x225mm 2m Lamellés,L72X225/2m,LAMELLES,Lamellés
LC,72,225,3,"0,0486","37,18 €",,765,,LCCO,72x225mm 3m Lamellés,L72X225/3m,LAMELLES,Lamellés
LC,72,225,4,"0,0648","49,57 €",,765,,LCCO,72x225mm 4m Lamellés,L72X225/4m,LAMELLES,Lamellés
LC,72,225,5,"0,081","61,97 €",,765,,LCCO,72x225mm 5m Lamellés,L72X225/5m,LAMELLES,Lamellés
LC,72,225,6,"0,0972","74,36 €",,765,,LCCO,72x225mm 6m Lamellés,L72X225/6m,LAMELLES,Lamellés
LC,72,225,7,"0,1134","86,75 €",,765,,LCCO,72x225mm 7m Lamellés,L72X225/7m,LAMELLES,Lamellés
LC,72,225,8,"0,1296","99,14 €",,765,,LCCO,72x225mm 8m Lamellés,L72X225/8m,LAMELLES,Lamellés
LC,72,225,9,"0,1458","111,54 €",,765,,LCCO,72x225mm 9m Lamellés,L72X225/9m,LAMELLES,Lamellés
LC,72,225,10,"0,162","123,93 €",,765,,LCCO,72x225mm 10m Lamellés,L72X225/10m,LAMELLES,Lamellés
LC,72,225,11,"0,1782","136,32 €",,765,,LCCO,72x225mm 11m Lamellés,L72X225/11m,LAMELLES,Lamellés
LC,72,225,12,"0,1944","148,72 €",,765,,LCCO,72x225mm 12m Lamellés,L72X225/12m,LAMELLES,Lamellés
LC,72,225,13,"0,2106","161,11 €",,765,,LCCO,72x225mm 13m Lamellés,L72X225/13m,LAMELLES,Lamellés
LC,72,270,2,"0,03888","29,74 €",,765,,LCCO,72x270mm 2m Lamellés,L72X270/2m,LAMELLES,Lamellés
LC,72,270,3,"0,05832","44,61 €",,765,,LCCO,72x270mm 3m Lamellés,L72X270/3m,LAMELLES,Lamellés
LC,72,270,4,"0,07776","59,49 €",,765,,LCCO,72x270mm 4m Lamellés,L72X270/4m,LAMELLES,Lamellés
LC,72,270,5,"0,0972","74,36 €",,765,,LCCO,72x270mm 5m Lamellés,L72X270/5m,LAMELLES,Lamellés
LC,72,270,6,"0,11664","89,23 €",,765,,LCCO,72x270mm 6m Lamellés,L72X270/6m,LAMELLES,Lamellés
LC,72,270,7,"0,13608","104,10 €",,765,,LCCO,72x270mm 7m Lamellés,L72X270/7m,LAMELLES,Lamellés
LC,72,270,8,"0,15552","118,97 €",,765,,LCCO,72x270mm 8m Lamellés,L72X270/8m,LAMELLES,Lamellés
LC,72,270,9,"0,17496","133,84 €",,765,,LCCO,72x270mm 9m Lamellés,L72X270/9m,LAMELLES,Lamellés
LC,72,270,10,"0,1944","148,72 €",,765,,LCCO,72x270mm 10m Lamellés,L72X270/10m,LAMELLES,Lamellés
LC,72,270,11,"0,21384","163,59 €",,765,,LCCO,72x270mm 11m Lamellés,L72X270/11m,LAMELLES,Lamellés
LC,72,270,12,"0,23328","178,46 €",,765,,LCCO,72x270mm 12m Lamellés,L72X270/12m,LAMELLES,Lamellés
LC,72,270,13,"0,25272","193,33 €",,765,,LCCO,72x270mm 13m Lamellés,L72X270/13m,LAMELLES,Lamellés
LC,72,315,2,"0,04536","34,70 €",,765,,LCCO,72x315mm 2m Lamellés,L72X315/2m,LAMELLES,Lamellés
LC,72,315,3,"0,06804","52,05 €",,765,,LCCO,72x315mm 3m Lamellés,L72X315/3m,LAMELLES,Lamellés
LC,72,315,4,"0,09072","69,40 €",,765,,LCCO,72x315mm 4m Lamellés,L72X315/4m,LAMELLES,Lamellés
LC,72,315,5,"0,1134","86,75 €",,765,,LCCO,72x315mm 5m Lamellés,L72X315/5m,LAMELLES,Lamellés
LC,72,315,6,"0,13608","104,10 €",,765,,LCCO,72x315mm 6m Lamellés,L72X315/6m,LAMELLES,Lamellés
LC,72,315,7,"0,15876","121,45 €",,765,,LCCO,72x315mm 7m Lamellés,L72X315/7m,LAMELLES,Lamellés
LC,72,315,8,"0,18144","138,80 €",,765,,LCCO,72x315mm 8m Lamellés,L72X315/8m,LAMELLES,Lamellés
LC,72,315,9,"0,20412","156,15 €",,765,,LCCO,72x315mm 9m Lamellés,L72X315/9m,LAMELLES,Lamellés
LC,72,315,10,"0,2268","173,50 €",,765,,LCCO,72x315mm 10m Lamellés,L72X315/10m,LAMELLES,Lamellés
LC,72,315,11,"0,24948","190,85 €",,765,,LCCO,72x315mm 11m Lamellés,L72X315/11m,LAMELLES,Lamellés
LC,72,315,12,"0,27216","208,20 €",,765,,LCCO,72x315mm 12m Lamellés,L72X315/12m,LAMELLES,Lamellés
LC,72,315,13,"0,29484","225,55 €",,765,,LCCO,72x315mm 13m Lamellés,L72X315/13m,LAMELLES,Lamellés
LC,87,225,2,"0,03915","27,80 €",,710,,LCCO,87x225mm 2m Lamellés,L87X225/2m,LAMELLES,Lamellés
LC,87,225,3,"0,058725","41,69 €",,710,,LCCO,87x225mm 3m Lamellés,L87X225/3m,LAMELLES,Lamellés
LC,87,225,4,"0,0783","55,59 €",,710,,LCCO,87x225mm 4m Lamellés,L87X225/4m,LAMELLES,Lamellés
LC,87,225,5,"0,097875","69,49 €",,710,,LCCO,87x225mm 5m Lamellés,L87X225/5m,LAMELLES,Lamellés
LC,87,225,6,"0,11745","83,39 €",,710,,LCCO,87x225mm 6m Lamellés,L87X225/6m,LAMELLES,Lamellés
LC,87,225,7,"0,137025","97,29 €",,710,,LCCO,87x225mm 7m Lamellés,L87X225/7m,LAMELLES,Lamellés
LC,87,225,8,"0,1566","111,19 €",,710,,LCCO,87x225mm 8m Lamellés,L87X225/8m,LAMELLES,Lamellés
LC,87,225,9,"0,176175","125,08 €",,710,,LCCO,87x225mm 9m Lamellés,L87X225/9m,LAMELLES,Lamellés
LC,87,225,10,"0,19575","138,98 €",,710,,LCCO,87x225mm 10m Lamellés,L87X225/10m,LAMELLES,Lamellés
LC,87,225,11,"0,215325","152,88 €",,710,,LCCO,87x225mm 11m Lamellés,L87X225/11m,LAMELLES,Lamellés
LC,87,225,12,"0,2349","166,78 €",,710,,LCCO,87x225mm 12m Lamellés,L87X225/12m,LAMELLES,Lamellés
LC,87,225,13,"0,254475","180,68 €",,710,,LCCO,87x225mm 13m Lamellés,L87X225/13m,LAMELLES,Lamellés
LC,87,270,2,"0,04698","33,36 €",,710,,LCCO,87x270mm 2m Lamellés,L87X270/2m,LAMELLES,Lamellés
LC,87,270,3,"0,07047","50,03 €",,710,,LCCO,87x270mm 3m Lamellés,L87X270/3m,LAMELLES,Lamellés
LC,87,270,4,"0,09396","66,71 €",,710,,LCCO,87x270mm 4m Lamellés,L87X270/4m,LAMELLES,Lamellés
LC,87,270,5,"0,11745","83,39 €",,710,,LCCO,87x270mm 5m Lamellés,L87X270/5m,LAMELLES,Lamellés
LC,87,270,6,"0,14094","100,07 €",,710,,LCCO,87x270mm 6m Lamellés,L87X270/6m,LAMELLES,Lamellés
LC,87,270,7,"0,16443","116,75 €",,710,,LCCO,87x270mm 7m Lamellés,L87X270/7m,LAMELLES,Lamellés
LC,87,270,8,"0,18792","133,42 €",,710,,LCCO,87x270mm 8m Lamellés,L87X270/8m,LAMELLES,Lamellés
LC,87,270,9,"0,21141","150,10 €",,710,,LCCO,87x270mm 9m Lamellés,L87X270/9m,LAMELLES,Lamellés
LC,87,270,10,"0,2349","166,78 €",,710,,LCCO,87x270mm 10m Lamellés,L87X270/10m,LAMELLES,Lamellés
LC,87,270,11,"0,25839","183,46 €",,710,,LCCO,87x270mm 11m Lamellés,L87X270/11m,LAMELLES,Lamellés
LC,87,270,12,"0,28188","200,13 €",,710,,LCCO,87x270mm 12m Lamellés,L87X270/12m,LAMELLES,Lamellés
LC,87,270,13,"0,30537","216,81 €",,710,,LCCO,87x270mm 13m Lamellés,L87X270/13m,LAMELLES,Lamellés
LC,87,315,2,"0,05481","38,92 €",,710,,LCCO,87x315mm 2m Lamellés,L87X315/2m,LAMELLES,Lamellés
LC,87,315,3,"0,082215","58,37 €",,710,,LCCO,87x315mm 3m Lamellés,L87X315/3m,LAMELLES,Lamellés
LC,87,315,4,"0,10962","77,83 €",,710,,LCCO,87x315mm 4m Lamellés,L87X315/4m,LAMELLES,Lamellés
LC,87,315,5,"0,137025","97,29 €",,710,,LCCO,87x315mm 5m Lamellés,L87X315/5m,LAMELLES,Lamellés
LC,87,315,6,"0,16443","116,75 €",,710,,LCCO,87x315mm 6m Lamellés,L87X315/6m,LAMELLES,Lamellés
LC,87,315,7,"0,191835","136,20 €",,710,,LCCO,87x315mm 7m Lamellés,L87X315/7m,LAMELLES,Lamellés
LC,87,315,8,"0,21924","155,66 €",,710,,LCCO,87x315mm 8m Lamellés,L87X315/8m,LAMELLES,Lamellés
LC,87,315,9,"0,246645","175,12 €",,710,,LCCO,87x315mm 9m Lamellés,L87X315/9m,LAMELLES,Lamellés
LC,87,315,10,"0,27405","194,58 €",,710,,LCCO,87x315mm 10m Lamellés,L87X315/10m,LAMELLES,Lamellés
LC,87,315,11,"0,301455","214,03 €",,710,,LCCO,87x315mm 11m Lamellés,L87X315/11m,LAMELLES,Lamellés
LC,87,315,12,"0,32886","233,49 €",,710,,LCCO,87x315mm 12m Lamellés,L87X315/12m,LAMELLES,Lamellés
LC,87,315,13,"0,356265","252,95 €",,710,,LCCO,87x315mm 13m Lamellés,L87X315/13m,LAMELLES,Lamellés
LC,87,360,2,"0,06264","44,47 €",,710,,LCCO,87x360mm 2m Lamellés,L87X360/2m,LAMELLES,Lamellés
LC,87,360,3,"0,09396","66,71 €",,710,,LCCO,87x360mm 3m Lamellés,L87X360/3m,LAMELLES,Lamellés
LC,87,360,4,"0,12528","88,95 €",,710,,LCCO,87x360mm 4m Lamellés,L87X360/4m,LAMELLES,Lamellés
LC,87,360,5,"0,1566","111,19 €",,710,,LCCO,87x360mm 5m Lamellés,L87X360/5m,LAMELLES,Lamellés
LC,87,360,6,"0,18792","133,42 €",,710,,LCCO,87x360mm 6m Lamellés,L87X360/6m,LAMELLES,Lamellés
LC,87,360,7,"0,21924","155,66 €",,710,,LCCO,87x360mm 7m Lamellés,L87X360/7m,LAMELLES,Lamellés
LC,87,360,8,"0,25056","177,90 €",,710,,LCCO,87x360mm 8m Lamellés,L87X360/8m,LAMELLES,Lamellés
LC,87,360,9,"0,28188","200,13 €",,710,,LCCO,87x360mm 9m Lamellés,L87X360/9m,LAMELLES,Lamellés
LC,87,360,10,"0,3132","222,37 €",,710,,LCCO,87x360mm 10m Lamellés,L87X360/10m,LAMELLES,Lamellés
LC,87,360,11,"0,34452","244,61 €",,710,,LCCO,87x360mm 11m Lamellés,L87X360/11m,LAMELLES,Lamellés
LC,87,360,12,"0,37584","266,85 €",,710,,LCCO,87x360mm 12m Lamellés,L87X360/12m,LAMELLES,Lamellés
LC,87,360,13,"0,40716","289,08 €",,710,,LCCO,87x360mm 13m Lamellés,L87X360/13m,LAMELLES,Lamellés
LC,87,405,2,"0,07047","50,03 €",,710,,LCCO,87x405mm 2m Lamellés,L87X405/2m,LAMELLES,Lamellés
LC,87,405,3,"0,105705","75,05 €",,710,,LCCO,87x405mm 3m Lamellés,L87X405/3m,LAMELLES,Lamellés
LC,87,405,4,"0,14094","100,07 €",,710,,LCCO,87x405mm 4m Lamellés,L87X405/4m,LAMELLES,Lamellés
LC,87,405,5,"0,176175","125,08 €",,710,,LCCO,87x405mm 5m Lamellés,L87X405/5m,LAMELLES,Lamellés
LC,87,405,6,"0,21141","150,10 €",,710,,LCCO,87x405mm 6m Lamellés,L87X405/6m,LAMELLES,Lamellés
LC,87,405,7,"0,246645","175,12 €",,710,,LCCO,87x405mm 7m Lamellés,L87X405/7m,LAMELLES,Lamellés
LC,87,405,8,"0,28188","200,13 €",,710,,LCCO,87x405mm 8m Lamellés,L87X405/8m,LAMELLES,Lamellés
LC,87,405,9,"0,317115","225,15 €",,710,,LCCO,87x405mm 9m Lamellés,L87X405/9m,LAMELLES,Lamellés
LC,87,405,10,"0,35235","250,17 €",,710,,LCCO,87x405mm 10m Lamellés,L87X405/10m,LAMELLES,Lamellés
LC,87,405,11,"0,387585","275,19 €",,710,,LCCO,87x405mm 11m Lamellés,L87X405/11m,LAMELLES,Lamellés
LC,87,405,12,"0,42282","300,20 €",,710,,LCCO,87x405mm 12m Lamellés,L87X405/12m,LAMELLES,Lamellés
LC,87,405,13,"0,458055","325,22 €",,710,,LCCO,87x405mm 13m Lamellés,L87X405/13m,LAMELLES,Lamellés
LC,87,450,2,"0,0783","55,59 €",,710,,LCCO,87x450mm 2m Lamellés,L87X450/2m,LAMELLES,Lamellés
LC,87,450,3,"0,11745","83,39 €",,710,,LCCO,87x450mm 3m Lamellés,L87X450/3m,LAMELLES,Lamellés
LC,87,450,4,"0,1566","111,19 €",,710,,LCCO,87x450mm 4m Lamellés,L87X450/4m,LAMELLES,Lamellés
LC,87,450,5,"0,19575","138,98 €",,710,,LCCO,87x450mm 5m Lamellés,L87X450/5m,LAMELLES,Lamellés
LC,87,450,6,"0,2349","166,78 €",,710,,LCCO,87x450mm 6m Lamellés,L87X450/6m,LAMELLES,Lamellés
LC,87,450,7,"0,27405","194,58 €",,710,,LCCO,87x450mm 7m Lamellés,L87X450/7m,LAMELLES,Lamellés
LC,87,450,8,"0,3132","222,37 €",,710,,LCCO,87x450mm 8m Lamellés,L87X450/8m,LAMELLES,Lamellés
LC,87,450,9,"0,35235","250,17 €",,710,,LCCO,87x450mm 9m Lamellés,L87X450/9m,LAMELLES,Lamellés
LC,87,450,10,"0,3915","277,97 €",,710,,LCCO,87x450mm 10m Lamellés,L87X450/10m,LAMELLES,Lamellés
LC,87,450,11,"0,43065","305,76 €",,710,,LCCO,87x450mm 11m Lamellés,L87X450/11m,LAMELLES,Lamellés
LC,87,450,12,"0,4698","333,56 €",,710,,LCCO,87x450mm 12m Lamellés,L87X450/12m,LAMELLES,Lamellés
LC,87,450,13,"0,50895","361,35 €",,710,,LCCO,87x450mm 13m Lamellés,L87X450/13m,LAMELLES,Lamellés
LC,87,495,2,"0,08613","61,15 €",,710,,LCCO,87x495mm 2m Lamellés,L87X495/2m,LAMELLES,Lamellés
LC,87,495,3,"0,129195","91,73 €",,710,,LCCO,87x495mm 3m Lamellés,L87X495/3m,LAMELLES,Lamellés
LC,87,495,4,"0,17226","122,30 €",,710,,LCCO,87x495mm 4m Lamellés,L87X495/4m,LAMELLES,Lamellés
LC,87,495,5,"0,215325","152,88 €",,710,,LCCO,87x495mm 5m Lamellés,L87X495/5m,LAMELLES,Lamellés
LC,87,495,6,"0,25839","183,46 €",,710,,LCCO,87x495mm 6m Lamellés,L87X495/6m,LAMELLES,Lamellés
LC,87,495,7,"0,301455","214,03 €",,710,,LCCO,87x495mm 7m Lamellés,L87X495/7m,LAMELLES,Lamellés
LC,87,495,8,"0,34452","244,61 €",,710,,LCCO,87x495mm 8m Lamellés,L87X495/8m,LAMELLES,Lamellés
LC,87,495,9,"0,387585","275,19 €",,710,,LCCO,87x495mm 9m Lamellés,L87X495/9m,LAMELLES,Lamellés
LC,87,495,10,"0,43065","305,76 €",,710,,LCCO,87x495mm 10m Lamellés,L87X495/10m,LAMELLES,Lamellés
LC,87,495,11,"0,473715","336,34 €",,710,,LCCO,87x495mm 11m Lamellés,L87X495/11m,LAMELLES,Lamellés
LC,87,495,12,"0,51678","366,91 €",,710,,LCCO,87x495mm 12m Lamellés,L87X495/12m,LAMELLES,Lamellés
LC,87,495,13,"0,559845","397,49 €",,710,,LCCO,87x495mm 13m Lamellés,L87X495/13m,LAMELLES,Lamellés
LC,110,225,2,"0,0495","34,65 €",,700,,LCCO,110x225mm 2m Lamellés,L110X225/2m,LAMELLES,Lamellés
LC,110,225,3,"0,07425","51,98 €",,700,,LCCO,110x225mm 3m Lamellés,L110X225/3m,LAMELLES,Lamellés
LC,110,225,4,"0,099","69,30 €",,700,,LCCO,110x225mm 4m Lamellés,L110X225/4m,LAMELLES,Lamellés
LC,110,225,5,"0,12375","86,63 €",,700,,LCCO,110x225mm 5m Lamellés,L110X225/5m,LAMELLES,Lamellés
LC,110,225,6,"0,1485","103,95 €",,700,,LCCO,110x225mm 6m Lamellés,L110X225/6m,LAMELLES,Lamellés
LC,110,225,7,"0,17325","121,28 €",,700,,LCCO,110x225mm 7m Lamellés,L110X225/7m,LAMELLES,Lamellés
LC,110,225,8,"0,198","138,60 €",,700,,LCCO,110x225mm 8m Lamellés,L110X225/8m,LAMELLES,Lamellés
LC,110,225,9,"0,22275","155,93 €",,700,,LCCO,110x225mm 9m Lamellés,L110X225/9m,LAMELLES,Lamellés
LC,110,225,10,"0,2475","173,25 €",,700,,LCCO,110x225mm 10m Lamellés,L110X225/10m,LAMELLES,Lamellés
LC,110,225,11,"0,27225","190,58 €",,700,,LCCO,110x225mm 11m Lamellés,L110X225/11m,LAMELLES,Lamellés
LC,110,225,12,"0,297","207,90 €",,700,,LCCO,110x225mm 12m Lamellés,L110X225/12m,LAMELLES,Lamellés
LC,110,225,13,"0,32175","225,23 €",,700,,LCCO,110x225mm 13m Lamellés,L110X225/13m,LAMELLES,Lamellés
LC,110,270,2,"0,0594","41,58 €",,700,,LCCO,110x270mm 2m Lamellés,L110X270/2m,LAMELLES,Lamellés
LC,110,270,3,"0,0891","62,37 €",,700,,LCCO,110x270mm 3m Lamellés,L110X270/3m,LAMELLES,Lamellés
LC,110,270,4,"0,1188","83,16 €",,700,,LCCO,110x270mm 4m Lamellés,L110X270/4m,LAMELLES,Lamellés
LC,110,270,5,"0,1485","103,95 €",,700,,LCCO,110x270mm 5m Lamellés,L110X270/5m,LAMELLES,Lamellés
LC,110,270,6,"0,1782","124,74 €",,700,,LCCO,110x270mm 6m Lamellés,L110X270/6m,LAMELLES,Lamellés
LC,110,270,7,"0,2079","145,53 €",,700,,LCCO,110x270mm 7m Lamellés,L110X270/7m,LAMELLES,Lamellés
LC,110,270,8,"0,2376","166,32 €",,700,,LCCO,110x270mm 8m Lamellés,L110X270/8m,LAMELLES,Lamellés
LC,110,270,9,"0,2673","187,11 €",,700,,LCCO,110x270mm 9m Lamellés,L110X270/9m,LAMELLES,Lamellés
LC,110,270,10,"0,297","207,90 €",,700,,LCCO,110x270mm 10m Lamellés,L110X270/10m,LAMELLES,Lamellés
LC,110,270,11,"0,3267","228,69 €",,700,,LCCO,110x270mm 11m Lamellés,L110X270/11m,LAMELLES,Lamellés
LC,110,270,12,"0,3564","249,48 €",,700,,LCCO,110x270mm 12m Lamellés,L110X270/12m,LAMELLES,Lamellés
LC,110,270,13,"0,3861","270,27 €",,700,,LCCO,110x270mm 13m Lamellés,L110X270/13m,LAMELLES,Lamellés
LC,110,315,2,"0,0693","48,51 €",,700,,LCCO,110x315mm 2m Lamellés,L110X315/2m,LAMELLES,Lamellés
LC,110,315,3,"0,10395","72,77 €",,700,,LCCO,110x315mm 3m Lamellés,L110X315/3m,LAMELLES,Lamellés
LC,110,315,4,"0,1386","97,02 €",,700,,LCCO,110x315mm 4m Lamellés,L110X315/4m,LAMELLES,Lamellés
LC,110,315,5,"0,17325","121,28 €",,700,,LCCO,110x315mm 5m Lamellés,L110X315/5m,LAMELLES,Lamellés
LC,110,315,6,"0,2079","145,53 €",,700,,LCCO,110x315mm 6m Lamellés,L110X315/6m,LAMELLES,Lamellés
LC,110,315,7,"0,24255","169,79 €",,700,,LCCO,110x315mm 7m Lamellés,L110X315/7m,LAMELLES,Lamellés
LC,110,315,8,"0,2772","194,04 €",,700,,LCCO,110x315mm 8m Lamellés,L110X315/8m,LAMELLES,Lamellés
LC,110,315,9,"0,31185","218,30 €",,700,,LCCO,110x315mm 9m Lamellés,L110X315/9m,LAMELLES,Lamellés
LC,110,315,10,"0,3465","242,55 €",,700,,LCCO,110x315mm 10m Lamellés,L110X315/10m,LAMELLES,Lamellés
LC,110,315,11,"0,38115","266,81 €",,700,,LCCO,110x315mm 11m Lamellés,L110X315/11m,LAMELLES,Lamellés
LC,110,315,12,"0,4158","291,06 €",,700,,LCCO,110x315mm 12m Lamellés,L110X315/12m,LAMELLES,Lamellés
LC,110,315,13,"0,45045","315,32 €",,700,,LCCO,110x315mm 13m Lamellés,L110X315/13m,LAMELLES,Lamellés
LC,110,360,2,"0,0792","55,44 €",,700,,LCCO,110x360mm 2m Lamellés,L110X360/2m,LAMELLES,Lamellés
LC,110,360,3,"0,1188","83,16 €",,700,,LCCO,110x360mm 3m Lamellés,L110X360/3m,LAMELLES,Lamellés
LC,110,360,4,"0,1584","110,88 €",,700,,LCCO,110x360mm 4m Lamellés,L110X360/4m,LAMELLES,Lamellés
LC,110,360,5,"0,198","138,60 €",,700,,LCCO,110x360mm 5m Lamellés,L110X360/5m,LAMELLES,Lamellés
LC,110,360,6,"0,2376","166,32 €",,700,,LCCO,110x360mm 6m Lamellés,L110X360/6m,LAMELLES,Lamellés
LC,110,360,7,"0,2772","194,04 €",,700,,LCCO,110x360mm 7m Lamellés,L110X360/7m,LAMELLES,Lamellés
LC,110,360,8,"0,3168","221,76 €",,700,,LCCO,110x360mm 8m Lamellés,L110X360/8m,LAMELLES,Lamellés
LC,110,360,9,"0,3564","249,48 €",,700,,LCCO,110x360mm 9m Lamellés,L110X360/9m,LAMELLES,Lamellés
LC,110,360,10,"0,396","277,20 €",,700,,LCCO,110x360mm 10m Lamellés,L110X360/10m,LAMELLES,Lamellés
LC,110,360,11,"0,4356","304,92 €",,700,,LCCO,110x360mm 11m Lamellés,L110X360/11m,LAMELLES,Lamellés
LC,110,360,12,"0,4752","332,64 €",,700,,LCCO,110x360mm 12m Lamellés,L110X360/12m,LAMELLES,Lamellés
LC,110,360,13,"0,5148","360,36 €",,700,,LCCO,110x360mm 13m Lamellés,L110X360/13m,LAMELLES,Lamellés
LC,110,405,2,"0,0891","62,37 €",,700,,LCCO,110x405mm 2m Lamellés,L110X405/2m,LAMELLES,Lamellés
LC,110,405,3,"0,13365","93,56 €",,700,,LCCO,110x405mm 3m Lamellés,L110X405/3m,LAMELLES,Lamellés
LC,110,405,4,"0,1782","124,74 €",,700,,LCCO,110x405mm 4m Lamellés,L110X405/4m,LAMELLES,Lamellés
LC,110,405,5,"0,22275","155,93 €",,700,,LCCO,110x405mm 5m Lamellés,L110X405/5m,LAMELLES,Lamellés
LC,110,405,6,"0,2673","187,11 €",,700,,LCCO,110x405mm 6m Lamellés,L110X405/6m,LAMELLES,Lamellés
LC,110,405,7,"0,31185","218,30 €",,700,,LCCO,110x405mm 7m Lamellés,L110X405/7m,LAMELLES,Lamellés
LC,110,405,8,"0,3564","249,48 €",,700,,LCCO,110x405mm 8m Lamellés,L110X405/8m,LAMELLES,Lamellés
LC,110,405,9,"0,40095","280,67 €",,700,,LCCO,110x405mm 9m Lamellés,L110X405/9m,LAMELLES,Lamellés
LC,110,405,10,"0,4455","311,85 €",,700,,LCCO,110x405mm 10m Lamellés,L110X405/10m,LAMELLES,Lamellés
LC,110,405,11,"0,49005","343,04 €",,700,,LCCO,110x405mm 11m Lamellés,L110X405/11m,LAMELLES,Lamellés
LC,110,405,12,"0,5346","374,22 €",,700,,LCCO,110x405mm 12m Lamellés,L110X405/12m,LAMELLES,Lamellés
LC,110,405,13,"0,57915","405,41 €",,700,,LCCO,110x405mm 13m Lamellés,L110X405/13m,LAMELLES,Lamellés
LC,110,450,2,"0,099","69,30 €",,700,,LCCO,110x450mm 2m Lamellés,L110X450/2m,LAMELLES,Lamellés
LC,110,450,3,"0,1485","103,95 €",,700,,LCCO,110x450mm 3m Lamellés,L110X450/3m,LAMELLES,Lamellés
LC,110,450,4,"0,198","138,60 €",,700,,LCCO,110x450mm 4m Lamellés,L110X450/4m,LAMELLES,Lamellés
LC,110,450,5,"0,2475","173,25 €",,700,,LCCO,110x450mm 5m Lamellés,L110X450/5m,LAMELLES,Lamellés
LC,110,450,6,"0,297","207,90 €",,700,,LCCO,110x450mm 6m Lamellés,L110X450/6m,LAMELLES,Lamellés
LC,110,450,7,"0,3465","242,55 €",,700,,LCCO,110x450mm 7m Lamellés,L110X450/7m,LAMELLES,Lamellés
LC,110,450,8,"0,396","277,20 €",,700,,LCCO,110x450mm 8m Lamellés,L110X450/8m,LAMELLES,Lamellés
LC,110,450,9,"0,4455","311,85 €",,700,,LCCO,110x450mm 9m Lamellés,L110X450/9m,LAMELLES,Lamellés
LC,110,450,10,"0,495","346,50 €",,700,,LCCO,110x450mm 10m Lamellés,L110X450/10m,LAMELLES,Lamellés
LC,110,450,11,"0,5445","381,15 €",,700,,LCCO,110x450mm 11m Lamellés,L110X450/11m,LAMELLES,Lamellés
LC,110,450,12,"0,594","415,80 €",,700,,LCCO,110x450mm 12m Lamellés,L110X450/12m,LAMELLES,Lamellés
LC,110,450,13,"0,6435","450,45 €",,700,,LCCO,110x450mm 13m Lamellés,L110X450/13m,LAMELLES,Lamellés
LC,110,495,2,"0,1089","76,23 €",,700,,LCCO,110x495mm 2m Lamellés,L110X495/2m,LAMELLES,Lamellés
LC,110,495,3,"0,16335","114,35 €",,700,,LCCO,110x495mm 3m Lamellés,L110X495/3m,LAMELLES,Lamellés
LC,110,495,4,"0,2178","152,46 €",,700,,LCCO,110x495mm 4m Lamellés,L110X495/4m,LAMELLES,Lamellés
LC,110,495,5,"0,27225","190,58 €",,700,,LCCO,110x495mm 5m Lamellés,L110X495/5m,LAMELLES,Lamellés
LC,110,495,6,"0,3267","228,69 €",,700,,LCCO,110x495mm 6m Lamellés,L110X495/6m,LAMELLES,Lamellés
LC,110,495,7,"0,38115","266,81 €",,700,,LCCO,110x495mm 7m Lamellés,L110X495/7m,LAMELLES,Lamellés
LC,110,495,8,"0,4356","304,92 €",,700,,LCCO,110x495mm 8m Lamellés,L110X495/8m,LAMELLES,Lamellés
LC,110,495,9,"0,49005","343,04 €",,700,,LCCO,110x495mm 9m Lamellés,L110X495/9m,LAMELLES,Lamellés
LC,110,495,10,"0,5445","381,15 €",,700,,LCCO,110x495mm 10m Lamellés,L110X495/10m,LAMELLES,Lamellés
LC,110,495,11,"0,59895","419,27 €",,700,,LCCO,110x495mm 11m Lamellés,L110X495/11m,LAMELLES,Lamellés
LC,110,495,12,"0,6534","457,38 €",,700,,LCCO,110x495mm 12m Lamellés,L110X495/12m,LAMELLES,Lamellés
LC,110,495,13,"0,70785","495,50 €",,700,,LCCO,110x495mm 13m Lamellés,L110X495/13m,LAMELLES,Lamellés
LC,110,540,2,"0,1188","83,16 €",,700,,LCCO,110x540mm 2m Lamellés,L110X540/2m,LAMELLES,Lamellés
LC,110,540,3,"0,1782","124,74 €",,700,,LCCO,110x540mm 3m Lamellés,L110X540/3m,LAMELLES,Lamellés
LC,110,540,4,"0,2376","166,32 €",,700,,LCCO,110x540mm 4m Lamellés,L110X540/4m,LAMELLES,Lamellés
LC,110,540,5,"0,297","207,90 €",,700,,LCCO,110x540mm 5m Lamellés,L110X540/5m,LAMELLES,Lamellés
LC,110,540,6,"0,3564","249,48 €",,700,,LCCO,110x540mm 6m Lamellés,L110X540/6m,LAMELLES,Lamellés
LC,110,540,7,"0,4158","291,06 €",,700,,LCCO,110x540mm 7m Lamellés,L110X540/7m,LAMELLES,Lamellés
LC,110,540,8,"0,4752","332,64 €",,700,,LCCO,110x540mm 8m Lamellés,L110X540/8m,LAMELLES,Lamellés
LC,110,540,9,"0,5346","374,22 €",,700,,LCCO,110x540mm 9m Lamellés,L110X540/9m,LAMELLES,Lamellés
LC,110,540,10,"0,594","415,80 €",,700,,LCCO,110x540mm 10m Lamellés,L110X540/10m,LAMELLES,Lamellés
LC,110,540,11,"0,6534","457,38 €",,700,,LCCO,110x540mm 11m Lamellés,L110X540/11m,LAMELLES,Lamellés
LC,110,540,12,"0,7128","498,96 €",,700,,LCCO,110x540mm 12m Lamellés,L110X540/12m,LAMELLES,Lamellés
LC,110,540,13,"0,7722","540,54 €",,700,,LCCO,110x540mm 13m Lamellés,L110X540/13m,LAMELLES,Lamellés
LC,110,585,2,"0,1287","90,09 €",,700,,LCCO,110x585mm 2m Lamellés,L110X585/2m,LAMELLES,Lamellés
LC,110,585,3,"0,19305","135,14 €",,700,,LCCO,110x585mm 3m Lamellés,L110X585/3m,LAMELLES,Lamellés
LC,110,585,4,"0,2574","180,18 €",,700,,LCCO,110x585mm 4m Lamellés,L110X585/4m,LAMELLES,Lamellés
LC,110,585,5,"0,32175","225,23 €",,700,,LCCO,110x585mm 5m Lamellés,L110X585/5m,LAMELLES,Lamellés
LC,110,585,6,"0,3861","270,27 €",,700,,LCCO,110x585mm 6m Lamellés,L110X585/6m,LAMELLES,Lamellés
LC,110,585,7,"0,45045","315,32 €",,700,,LCCO,110x585mm 7m Lamellés,L110X585/7m,LAMELLES,Lamellés
LC,110,585,8,"0,5148","360,36 €",,700,,LCCO,110x585mm 8m Lamellés,L110X585/8m,LAMELLES,Lamellés
LC,110,585,9,"0,57915","405,41 €",,700,,LCCO,110x585mm 9m Lamellés,L110X585/9m,LAMELLES,Lamellés
LC,110,585,10,"0,6435","450,45 €",,700,,LCCO,110x585mm 10m Lamellés,L110X585/10m,LAMELLES,Lamellés
LC,110,585,11,"0,70785","495,50 €",,700,,LCCO,110x585mm 11m Lamellés,L110X585/11m,LAMELLES,Lamellés
LC,110,585,12,"0,7722","540,54 €",,700,,LCCO,110x585mm 12m Lamellés,L110X585/12m,LAMELLES,Lamellés
LC,110,585,13,"0,83655","585,59 €",,700,,LCCO,110x585mm 13m Lamellés,L110X585/13m,LAMELLES,Lamellés
LC,110,630,2,"0,1386","97,02 €",,700,,LCCO,110x630mm 2m Lamellés,L110X630/2m,LAMELLES,Lamellés
LC,110,630,3,"0,2079","145,53 €",,700,,LCCO,110x630mm 3m Lamellés,L110X630/3m,LAMELLES,Lamellés
LC,110,630,4,"0,2772","194,04 €",,700,,LCCO,110x630mm 4m Lamellés,L110X630/4m,LAMELLES,Lamellés
LC,110,630,5,"0,3465","242,55 €",,700,,LCCO,110x630mm 5m Lamellés,L110X630/5m,LAMELLES,Lamellés
LC,110,630,6,"0,4158","291,06 €",,700,,LCCO,110x630mm 6m Lamellés,L110X630/6m,LAMELLES,Lamellés
LC,110,630,7,"0,4851","339,57 €",,700,,LCCO,110x630mm 7m Lamellés,L110X630/7m,LAMELLES,Lamellés
LC,110,630,8,"0,5544","388,08 €",,700,,LCCO,110x630mm 8m Lamellés,L110X630/8m,LAMELLES,Lamellés
LC,110,630,9,"0,6237","436,59 €",,700,,LCCO,110x630mm 9m Lamellés,L110X630/9m,LAMELLES,Lamellés
LC,110,630,10,"0,693","485,10 €",,700,,LCCO,110x630mm 10m Lamellés,L110X630/10m,LAMELLES,Lamellés
LC,110,630,11,"0,7623","533,61 €",,700,,LCCO,110x630mm 11m Lamellés,L110X630/11m,LAMELLES,Lamellés
LC,110,630,12,"0,8316","582,12 €",,700,,LCCO,110x630mm 12m Lamellés,L110X630/12m,LAMELLES,Lamellés
LC,110,630,13,"0,9009","630,63 €",,700,,LCCO,110x630mm 13m Lamellés,L110X630/13m,LAMELLES,Lamellés
LC,135,225,2,"0,06075","40,10 €",,660,,LCCO,135x225mm 2m Lamellés,L135X225/2m,LAMELLES,Lamellés
LC,135,225,3,"0,091125","60,14 €",,660,,LCCO,135x225mm 3m Lamellés,L135X225/3m,LAMELLES,Lamellés
LC,135,225,4,"0,1215","80,19 €",,660,,LCCO,135x225mm 4m Lamellés,L135X225/4m,LAMELLES,Lamellés
LC,135,225,5,"0,151875","100,24 €",,660,,LCCO,135x225mm 5m Lamellés,L135X225/5m,LAMELLES,Lamellés
LC,135,225,6,"0,18225","120,29 €",,660,,LCCO,135x225mm 6m Lamellés,L135X225/6m,LAMELLES,Lamellés
LC,135,225,7,"0,212625","140,33 €",,660,,LCCO,135x225mm 7m Lamellés,L135X225/7m,LAMELLES,Lamellés
LC,135,225,8,"0,243","160,38 €",,660,,LCCO,135x225mm 8m Lamellés,L135X225/8m,LAMELLES,Lamellés
LC,135,225,9,"0,273375","180,43 €",,660,,LCCO,135x225mm 9m Lamellés,L135X225/9m,LAMELLES,Lamellés
LC,135,225,10,"0,30375","200,48 €",,660,,LCCO,135x225mm 10m Lamellés,L135X225/10m,LAMELLES,Lamellés
LC,135,225,11,"0,334125","220,52 €",,660,,LCCO,135x225mm 11m Lamellés,L135X225/11m,LAMELLES,Lamellés
LC,135,225,12,"0,3645","240,57 €",,660,,LCCO,135x225mm 12m Lamellés,L135X225/12m,LAMELLES,Lamellés
LC,135,225,13,"0,394875","260,62 €",,660,,LCCO,135x225mm 13m Lamellés,L135X225/13m,LAMELLES,Lamellés
LC,135,270,2,"0,0729","48,11 €",,660,,LCCO,135x270mm 2m Lamellés,L135X270/2m,LAMELLES,Lamellés
LC,135,270,3,"0,10935","72,17 €",,660,,LCCO,135x270mm 3m Lamellés,L135X270/3m,LAMELLES,Lamellés
LC,135,270,4,"0,1458","96,23 €",,660,,LCCO,135x270mm 4m Lamellés,L135X270/4m,LAMELLES,Lamellés
LC,135,270,5,"0,18225","120,29 €",,660,,LCCO,135x270mm 5m Lamellés,L135X270/5m,LAMELLES,Lamellés
LC,135,270,6,"0,2187","144,34 €",,660,,LCCO,135x270mm 6m Lamellés,L135X270/6m,LAMELLES,Lamellés
LC,135,270,7,"0,25515","168,40 €",,660,,LCCO,135x270mm 7m Lamellés,L135X270/7m,LAMELLES,Lamellés
LC,135,270,8,"0,2916","192,46 €",,660,,LCCO,135x270mm 8m Lamellés,L135X270/8m,LAMELLES,Lamellés
LC,135,270,9,"0,32805","216,51 €",,660,,LCCO,135x270mm 9m Lamellés,L135X270/9m,LAMELLES,Lamellés
LC,135,270,10,"0,3645","240,57 €",,660,,LCCO,135x270mm 10m Lamellés,L135X270/10m,LAMELLES,Lamellés
LC,135,270,11,"0,40095","264,63 €",,660,,LCCO,135x270mm 11m Lamellés,L135X270/11m,LAMELLES,Lamellés
LC,135,270,12,"0,4374","288,68 €",,660,,LCCO,135x270mm 12m Lamellés,L135X270/12m,LAMELLES,Lamellés
LC,135,270,13,"0,47385","312,74 €",,660,,LCCO,135x270mm 13m Lamellés,L135X270/13m,LAMELLES,Lamellés
LC,135,315,2,"0,08505","56,13 €",,660,,LCCO,135x315mm 2m Lamellés,L135X315/2m,LAMELLES,Lamellés
LC,135,315,3,"0,127575","84,20 €",,660,,LCCO,135x315mm 3m Lamellés,L135X315/3m,LAMELLES,Lamellés
LC,135,315,4,"0,1701","112,27 €",,660,,LCCO,135x315mm 4m Lamellés,L135X315/4m,LAMELLES,Lamellés
LC,135,315,5,"0,212625","140,33 €",,660,,LCCO,135x315mm 5m Lamellés,L135X315/5m,LAMELLES,Lamellés
LC,135,315,6,"0,25515","168,40 €",,660,,LCCO,135x315mm 6m Lamellés,L135X315/6m,LAMELLES,Lamellés
LC,135,315,7,"0,297675","196,47 €",,660,,LCCO,135x315mm 7m Lamellés,L135X315/7m,LAMELLES,Lamellés
LC,135,315,8,"0,3402","224,53 €",,660,,LCCO,135x315mm 8m Lamellés,L135X315/8m,LAMELLES,Lamellés
LC,135,315,9,"0,382725","252,60 €",,660,,LCCO,135x315mm 9m Lamellés,L135X315/9m,LAMELLES,Lamellés
LC,135,315,10,"0,42525","280,67 €",,660,,LCCO,135x315mm 10m Lamellés,L135X315/10m,LAMELLES,Lamellés
LC,135,315,11,"0,467775","308,73 €",,660,,LCCO,135x315mm 11m Lamellés,L135X315/11m,LAMELLES,Lamellés
LC,135,315,12,"0,5103","336,80 €",,660,,LCCO,135x315mm 12m Lamellés,L135X315/12m,LAMELLES,Lamellés
LC,135,315,13,"0,552825","364,86 €",,660,,LCCO,135x315mm 13m Lamellés,L135X315/13m,LAMELLES,Lamellés
LC,135,360,2,"0,0972","64,15 €",,660,,LCCO,135x360mm 2m Lamellés,L135X360/2m,LAMELLES,Lamellés
LC,135,360,3,"0,1458","96,23 €",,660,,LCCO,135x360mm 3m Lamellés,L135X360/3m,LAMELLES,Lamellés
LC,135,360,4,"0,1944","128,30 €",,660,,LCCO,135x360mm 4m Lamellés,L135X360/4m,LAMELLES,Lamellés
LC,135,360,5,"0,243","160,38 €",,660,,LCCO,135x360mm 5m Lamellés,L135X360/5m,LAMELLES,Lamellés
LC,135,360,6,"0,2916","192,46 €",,660,,LCCO,135x360mm 6m Lamellés,L135X360/6m,LAMELLES,Lamellés
LC,135,360,7,"0,3402","224,53 €",,660,,LCCO,135x360mm 7m Lamellés,L135X360/7m,LAMELLES,Lamellés
LC,135,360,8,"0,3888","256,61 €",,660,,LCCO,135x360mm 8m Lamellés,L135X360/8m,LAMELLES,Lamellés
LC,135,360,9,"0,4374","288,68 €",,660,,LCCO,135x360mm 9m Lamellés,L135X360/9m,LAMELLES,Lamellés
LC,135,360,10,"0,486","320,76 €",,660,,LCCO,135x360mm 10m Lamellés,L135X360/10m,LAMELLES,Lamellés
LC,135,360,11,"0,5346","352,84 €",,660,,LCCO,135x360mm 11m Lamellés,L135X360/11m,LAMELLES,Lamellés
LC,135,360,12,"0,5832","384,91 €",,660,,LCCO,135x360mm 12m Lamellés,L135X360/12m,LAMELLES,Lamellés
LC,135,360,13,"0,6318","416,99 €",,660,,LCCO,135x360mm 13m Lamellés,L135X360/13m,LAMELLES,Lamellés
LC,135,405,2,"0,10935","72,17 €",,660,,LCCO,135x405mm 2m Lamellés,L135X405/2m,LAMELLES,Lamellés
LC,135,405,3,"0,164025","108,26 €",,660,,LCCO,135x405mm 3m Lamellés,L135X405/3m,LAMELLES,Lamellés
LC,135,405,4,"0,2187","144,34 €",,660,,LCCO,135x405mm 4m Lamellés,L135X405/4m,LAMELLES,Lamellés
LC,135,405,5,"0,273375","180,43 €",,660,,LCCO,135x405mm 5m Lamellés,L135X405/5m,LAMELLES,Lamellés
LC,135,405,6,"0,32805","216,51 €",,660,,LCCO,135x405mm 6m Lamellés,L135X405/6m,LAMELLES,Lamellés
LC,135,405,7,"0,382725","252,60 €",,660,,LCCO,135x405mm 7m Lamellés,L135X405/7m,LAMELLES,Lamellés
LC,135,405,8,"0,4374","288,68 €",,660,,LCCO,135x405mm 8m Lamellés,L135X405/8m,LAMELLES,Lamellés
LC,135,405,9,"0,492075","324,77 €",,660,,LCCO,135x405mm 9m Lamellés,L135X405/9m,LAMELLES,Lamellés
LC,135,405,10,"0,54675","360,86 €",,660,,LCCO,135x405mm 10m Lamellés,L135X405/10m,LAMELLES,Lamellés
LC,135,405,11,"0,601425","396,94 €",,660,,LCCO,135x405mm 11m Lamellés,L135X405/11m,LAMELLES,Lamellés
LC,135,405,12,"0,6561","433,03 €",,660,,LCCO,135x405mm 12m Lamellés,L135X405/12m,LAMELLES,Lamellés
LC,135,405,13,"0,710775","469,11 €",,660,,LCCO,135x405mm 13m Lamellés,L135X405/13m,LAMELLES,Lamellés
LC,135,450,2,"0,1215","80,19 €",,660,,LCCO,135x450mm 2m Lamellés,L135X450/2m,LAMELLES,Lamellés
LC,135,450,3,"0,18225","120,29 €",,660,,LCCO,135x450mm 3m Lamellés,L135X450/3m,LAMELLES,Lamellés
LC,135,450,4,"0,243","160,38 €",,660,,LCCO,135x450mm 4m Lamellés,L135X450/4m,LAMELLES,Lamellés
LC,135,450,5,"0,30375","200,48 €",,660,,LCCO,135x450mm 5m Lamellés,L135X450/5m,LAMELLES,Lamellés
LC,135,450,6,"0,3645","240,57 €",,660,,LCCO,135x450mm 6m Lamellés,L135X450/6m,LAMELLES,Lamellés
LC,135,450,7,"0,42525","280,67 €",,660,,LCCO,135x450mm 7m Lamellés,L135X450/7m,LAMELLES,Lamellés
LC,135,450,8,"0,486","320,76 €",,660,,LCCO,135x450mm 8m Lamellés,L135X450/8m,LAMELLES,Lamellés
LC,135,450,9,"0,54675","360,86 €",,660,,LCCO,135x450mm 9m Lamellés,L135X450/9m,LAMELLES,Lamellés
LC,135,450,10,"0,6075","400,95 €",,660,,LCCO,135x450mm 10m Lamellés,L135X450/10m,LAMELLES,Lamellés
LC,135,450,11,"0,66825","441,05 €",,660,,LCCO,135x450mm 11m Lamellés,L135X450/11m,LAMELLES,Lamellés
LC,135,450,12,"0,729","481,14 €",,660,,LCCO,135x450mm 12m Lamellés,L135X450/12m,LAMELLES,Lamellés
LC,135,450,13,"0,78975","521,24 €",,660,,LCCO,135x450mm 13m Lamellés,L135X450/13m,LAMELLES,Lamellés
LC,135,495,2,"0,13365","88,21 €",,660,,LCCO,135x495mm 2m Lamellés,L135X495/2m,LAMELLES,Lamellés
LC,135,495,3,"0,200475","132,31 €",,660,,LCCO,135x495mm 3m Lamellés,L135X495/3m,LAMELLES,Lamellés
LC,135,495,4,"0,2673","176,42 €",,660,,LCCO,135x495mm 4m Lamellés,L135X495/4m,LAMELLES,Lamellés
LC,135,495,5,"0,334125","220,52 €",,660,,LCCO,135x495mm 5m Lamellés,L135X495/5m,LAMELLES,Lamellés
LC,135,495,6,"0,40095","264,63 €",,660,,LCCO,135x495mm 6m Lamellés,L135X495/6m,LAMELLES,Lamellés
LC,135,495,7,"0,467775","308,73 €",,660,,LCCO,135x495mm 7m Lamellés,L135X495/7m,LAMELLES,Lamellés
LC,135,495,8,"0,5346","352,84 €",,660,,LCCO,135x495mm 8m Lamellés,L135X495/8m,LAMELLES,Lamellés
LC,135,495,9,"0,601425","396,94 €",,660,,LCCO,135x495mm 9m Lamellés,L135X495/9m,LAMELLES,Lamellés
LC,135,495,10,"0,66825","441,05 €",,660,,LCCO,135x495mm 10m Lamellés,L135X495/10m,LAMELLES,Lamellés
LC,135,495,11,"0,735075","485,15 €",,660,,LCCO,135x495mm 11m Lamellés,L135X495/11m,LAMELLES,Lamellés
LC,135,495,12,"0,8019","529,25 €",,660,,LCCO,135x495mm 12m Lamellés,L135X495/12m,LAMELLES,Lamellés
LC,135,495,13,"0,868725","573,36 €",,660,,LCCO,135x495mm 13m Lamellés,L135X495/13m,LAMELLES,Lamellés
LC,135,540,2,"0,1458","96,23 €",,660,,LCCO,135x540mm 2m Lamellés,L135X540/2m,LAMELLES,Lamellés
LC,135,540,3,"0,2187","144,34 €",,660,,LCCO,135x540mm 3m Lamellés,L135X540/3m,LAMELLES,Lamellés
LC,135,540,4,"0,2916","192,46 €",,660,,LCCO,135x540mm 4m Lamellés,L135X540/4m,LAMELLES,Lamellés
LC,135,540,5,"0,3645","240,57 €",,660,,LCCO,135x540mm 5m Lamellés,L135X540/5m,LAMELLES,Lamellés
LC,135,540,6,"0,4374","288,68 €",,660,,LCCO,135x540mm 6m Lamellés,L135X540/6m,LAMELLES,Lamellés
LC,135,540,7,"0,5103","336,80 €",,660,,LCCO,135x540mm 7m Lamellés,L135X540/7m,LAMELLES,Lamellés
LC,135,540,8,"0,5832","384,91 €",,660,,LCCO,135x540mm 8m Lamellés,L135X540/8m,LAMELLES,Lamellés
LC,135,540,9,"0,6561","433,03 €",,660,,LCCO,135x540mm 9m Lamellés,L135X540/9m,LAMELLES,Lamellés
LC,135,540,10,"0,729","481,14 €",,660,,LCCO,135x540mm 10m Lamellés,L135X540/10m,LAMELLES,Lamellés
LC,135,540,11,"0,8019","529,25 €",,660,,LCCO,135x540mm 11m Lamellés,L135X540/11m,LAMELLES,Lamellés
LC,135,540,12,"0,8748","577,37 €",,660,,LCCO,135x540mm 12m Lamellés,L135X540/12m,LAMELLES,Lamellés
LC,135,540,13,"0,9477","625,48 €",,660,,LCCO,135x540mm 13m Lamellés,L135X540/13m,LAMELLES,Lamellés
LC,135,585,2,"0,15795","104,25 €",,660,,LCCO,135x585mm 2m Lamellés,L135X585/2m,LAMELLES,Lamellés
LC,135,585,3,"0,236925","156,37 €",,660,,LCCO,135x585mm 3m Lamellés,L135X585/3m,LAMELLES,Lamellés
LC,135,585,4,"0,3159","208,49 €",,660,,LCCO,135x585mm 4m Lamellés,L135X585/4m,LAMELLES,Lamellés
LC,135,585,5,"0,394875","260,62 €",,660,,LCCO,135x585mm 5m Lamellés,L135X585/5m,LAMELLES,Lamellés
LC,135,585,6,"0,47385","312,74 €",,660,,LCCO,135x585mm 6m Lamellés,L135X585/6m,LAMELLES,Lamellés
LC,135,585,7,"0,552825","364,86 €",,660,,LCCO,135x585mm 7m Lamellés,L135X585/7m,LAMELLES,Lamellés
LC,135,585,8,"0,6318","416,99 €",,660,,LCCO,135x585mm 8m Lamellés,L135X585/8m,LAMELLES,Lamellés
LC,135,585,9,"0,710775","469,11 €",,660,,LCCO,135x585mm 9m Lamellés,L135X585/9m,LAMELLES,Lamellés
LC,135,585,10,"0,78975","521,24 €",,660,,LCCO,135x585mm 10m Lamellés,L135X585/10m,LAMELLES,Lamellés
LC,135,585,11,"0,868725","573,36 €",,660,,LCCO,135x585mm 11m Lamellés,L135X585/11m,LAMELLES,Lamellés
LC,135,585,12,"0,9477","625,48 €",,660,,LCCO,135x585mm 12m Lamellés,L135X585/12m,LAMELLES,Lamellés
LC,135,585,13,"1,026675","677,61 €",,660,,LCCO,135x585mm 13m Lamellés,L135X585/13m,LAMELLES,Lamellés
LC,135,630,2,"0,1701","112,27 €",,660,,LCCO,135x630mm 2m Lamellés,L135X630/2m,LAMELLES,Lamellés
LC,135,630,3,"0,25515","168,40 €",,660,,LCCO,135x630mm 3m Lamellés,L135X630/3m,LAMELLES,Lamellés
LC,135,630,4,"0,3402","224,53 €",,660,,LCCO,135x630mm 4m Lamellés,L135X630/4m,LAMELLES,Lamellés
LC,135,630,5,"0,42525","280,67 €",,660,,LCCO,135x630mm 5m Lamellés,L135X630/5m,LAMELLES,Lamellés
LC,135,630,6,"0,5103","336,80 €",,660,,LCCO,135x630mm 6m Lamellés,L135X630/6m,LAMELLES,Lamellés
LC,135,630,7,"0,59535","392,93 €",,660,,LCCO,135x630mm 7m Lamellés,L135X630/7m,LAMELLES,Lamellés
LC,135,630,8,"0,6804","449,06 €",,660,,LCCO,135x630mm 8m Lamellés,L135X630/8m,LAMELLES,Lamellés
LC,135,630,9,"0,76545","505,20 €",,660,,LCCO,135x630mm 9m Lamellés,L135X630/9m,LAMELLES,Lamellés
LC,135,630,10,"0,8505","561,33 €",,660,,LCCO,135x630mm 10m Lamellés,L135X630/10m,LAMELLES,Lamellés
LC,135,630,11,"0,93555","617,46 €",,660,,LCCO,135x630mm 11m Lamellés,L135X630/11m,LAMELLES,Lamellés
LC,135,630,12,"1,0206","673,60 €",,660,,LCCO,135x630mm 12m Lamellés,L135X630/12m,LAMELLES,Lamellés
LC,135,630,13,"1,10565","729,73 €",,660,,LCCO,135x630mm 13m Lamellés,L135X630/13m,LAMELLES,Lamellés
LC,135,675,2,"0,18225","120,29 €",,660,,LCCO,135x675mm 2m Lamellés,L135X675/2m,LAMELLES,Lamellés
LC,135,675,3,"0,273375","180,43 €",,660,,LCCO,135x675mm 3m Lamellés,L135X675/3m,LAMELLES,Lamellés
LC,135,675,4,"0,3645","240,57 €",,660,,LCCO,135x675mm 4m Lamellés,L135X675/4m,LAMELLES,Lamellés
LC,135,675,5,"0,455625","300,71 €",,660,,LCCO,135x675mm 5m Lamellés,L135X675/5m,LAMELLES,Lamellés
LC,135,675,6,"0,54675","360,86 €",,660,,LCCO,135x675mm 6m Lamellés,L135X675/6m,LAMELLES,Lamellés
LC,135,675,7,"0,637875","421,00 €",,660,,LCCO,135x675mm 7m Lamellés,L135X675/7m,LAMELLES,Lamellés
LC,135,675,8,"0,729","481,14 €",,660,,LCCO,135x675mm 8m Lamellés,L135X675/8m,LAMELLES,Lamellés
LC,135,675,9,"0,820125","541,28 €",,660,,LCCO,135x675mm 9m Lamellés,L135X675/9m,LAMELLES,Lamellés
LC,135,675,10,"0,91125","601,43 €",,660,,LCCO,135x675mm 10m Lamellés,L135X675/10m,LAMELLES,Lamellés
LC,135,675,11,"1,002375","661,57 €",,660,,LCCO,135x675mm 11m Lamellés,L135X675/11m,LAMELLES,Lamellés
LC,135,675,12,"1,0935","721,71 €",,660,,LCCO,135x675mm 12m Lamellés,L135X675/12m,LAMELLES,Lamellés
LC,135,675,13,"1,184625","781,85 €",,660,,LCCO,135x675mm 13m Lamellés,L135X675/13m,LAMELLES,Lamellés
LC,160,270,2,"0,0864","57,02 €",,660,,LCCO,160x270mm 2m Lamellés,L160X270/2m,LAMELLES,Lamellés
LC,160,270,3,"0,1296","85,54 €",,660,,LCCO,160x270mm 3m Lamellés,L160X270/3m,LAMELLES,Lamellés
LC,160,270,4,"0,1728","114,05 €",,660,,LCCO,160x270mm 4m Lamellés,L160X270/4m,LAMELLES,Lamellés
LC,160,270,5,"0,216","142,56 €",,660,,LCCO,160x270mm 5m Lamellés,L160X270/5m,LAMELLES,Lamellés
LC,160,270,6,"0,2592","171,07 €",,660,,LCCO,160x270mm 6m Lamellés,L160X270/6m,LAMELLES,Lamellés
LC,160,270,7,"0,3024","199,58 €",,660,,LCCO,160x270mm 7m Lamellés,L160X270/7m,LAMELLES,Lamellés
LC,160,270,8,"0,3456","228,10 €",,660,,LCCO,160x270mm 8m Lamellés,L160X270/8m,LAMELLES,Lamellés
LC,160,270,9,"0,3888","256,61 €",,660,,LCCO,160x270mm 9m Lamellés,L160X270/9m,LAMELLES,Lamellés
LC,160,270,10,"0,432","285,12 €",,660,,LCCO,160x270mm 10m Lamellés,L160X270/10m,LAMELLES,Lamellés
LC,160,270,11,"0,4752","313,63 €",,660,,LCCO,160x270mm 11m Lamellés,L160X270/11m,LAMELLES,Lamellés
LC,160,270,12,"0,5184","342,14 €",,660,,LCCO,160x270mm 12m Lamellés,L160X270/12m,LAMELLES,Lamellés
LC,160,270,13,"0,5616","370,66 €",,660,,LCCO,160x270mm 13m Lamellés,L160X270/13m,LAMELLES,Lamellés
LC,160,315,2,"0,1008","66,53 €",,660,,LCCO,160x315mm 2m Lamellés,L160X315/2m,LAMELLES,Lamellés
LC,160,315,3,"0,1512","99,79 €",,660,,LCCO,160x315mm 3m Lamellés,L160X315/3m,LAMELLES,Lamellés
LC,160,315,4,"0,2016","133,06 €",,660,,LCCO,160x315mm 4m Lamellés,L160X315/4m,LAMELLES,Lamellés
LC,160,315,5,"0,252","166,32 €",,660,,LCCO,160x315mm 5m Lamellés,L160X315/5m,LAMELLES,Lamellés
LC,160,315,6,"0,3024","199,58 €",,660,,LCCO,160x315mm 6m Lamellés,L160X315/6m,LAMELLES,Lamellés
LC,160,315,7,"0,3528","232,85 €",,660,,LCCO,160x315mm 7m Lamellés,L160X315/7m,LAMELLES,Lamellés
LC,160,315,8,"0,4032","266,11 €",,660,,LCCO,160x315mm 8m Lamellés,L160X315/8m,LAMELLES,Lamellés
LC,160,315,9,"0,4536","299,38 €",,660,,LCCO,160x315mm 9m Lamellés,L160X315/9m,LAMELLES,Lamellés
LC,160,315,10,"0,504","332,64 €",,660,,LCCO,160x315mm 10m Lamellés,L160X315/10m,LAMELLES,Lamellés
LC,160,315,11,"0,5544","365,90 €",,660,,LCCO,160x315mm 11m Lamellés,L160X315/11m,LAMELLES,Lamellés
LC,160,315,12,"0,6048","399,17 €",,660,,LCCO,160x315mm 12m Lamellés,L160X315/12m,LAMELLES,Lamellés
LC,160,315,13,"0,6552","432,43 €",,660,,LCCO,160x315mm 13m Lamellés,L160X315/13m,LAMELLES,Lamellés
LC,160,360,2,"0,1152","76,03 €",,660,,LCCO,160x360mm 2m Lamellés,L160X360/2m,LAMELLES,Lamellés
LC,160,360,3,"0,1728","114,05 €",,660,,LCCO,160x360mm 3m Lamellés,L160X360/3m,LAMELLES,Lamellés
LC,160,360,4,"0,2304","152,06 €",,660,,LCCO,160x360mm 4m Lamellés,L160X360/4m,LAMELLES,Lamellés
LC,160,360,5,"0,288","190,08 €",,660,,LCCO,160x360mm 5m Lamellés,L160X360/5m,LAMELLES,Lamellés
LC,160,360,6,"0,3456","228,10 €",,660,,LCCO,160x360mm 6m Lamellés,L160X360/6m,LAMELLES,Lamellés
LC,160,360,7,"0,4032","266,11 €",,660,,LCCO,160x360mm 7m Lamellés,L160X360/7m,LAMELLES,Lamellés
LC,160,360,8,"0,4608","304,13 €",,660,,LCCO,160x360mm 8m Lamellés,L160X360/8m,LAMELLES,Lamellés
LC,160,360,9,"0,5184","342,14 €",,660,,LCCO,160x360mm 9m Lamellés,L160X360/9m,LAMELLES,Lamellés
LC,160,360,10,"0,576","380,16 €",,660,,LCCO,160x360mm 10m Lamellés,L160X360/10m,LAMELLES,Lamellés
LC,160,360,11,"0,6336","418,18 €",,660,,LCCO,160x360mm 11m Lamellés,L160X360/11m,LAMELLES,Lamellés
LC,160,360,12,"0,6912","456,19 €",,660,,LCCO,160x360mm 12m Lamellés,L160X360/12m,LAMELLES,Lamellés
LC,160,360,13,"0,7488","494,21 €",,660,,LCCO,160x360mm 13m Lamellés,L160X360/13m,LAMELLES,Lamellés
LC,160,405,2,"0,1296","85,54 €",,660,,LCCO,160x405mm 2m Lamellés,L160X405/2m,LAMELLES,Lamellés
LC,160,405,3,"0,1944","128,30 €",,660,,LCCO,160x405mm 3m Lamellés,L160X405/3m,LAMELLES,Lamellés
LC,160,405,4,"0,2592","171,07 €",,660,,LCCO,160x405mm 4m Lamellés,L160X405/4m,LAMELLES,Lamellés
LC,160,405,5,"0,324","213,84 €",,660,,LCCO,160x405mm 5m Lamellés,L160X405/5m,LAMELLES,Lamellés
LC,160,405,6,"0,3888","256,61 €",,660,,LCCO,160x405mm 6m Lamellés,L160X405/6m,LAMELLES,Lamellés
LC,160,405,7,"0,4536","299,38 €",,660,,LCCO,160x405mm 7m Lamellés,L160X405/7m,LAMELLES,Lamellés
LC,160,405,8,"0,5184","342,14 €",,660,,LCCO,160x405mm 8m Lamellés,L160X405/8m,LAMELLES,Lamellés
LC,160,405,9,"0,5832","384,91 €",,660,,LCCO,160x405mm 9m Lamellés,L160X405/9m,LAMELLES,Lamellés
LC,160,405,10,"0,648","427,68 €",,660,,LCCO,160x405mm 10m Lamellés,L160X405/10m,LAMELLES,Lamellés
LC,160,405,11,"0,7128","470,45 €",,660,,LCCO,160x405mm 11m Lamellés,L160X405/11m,LAMELLES,Lamellés
LC,160,405,12,"0,7776","513,22 €",,660,,LCCO,160x405mm 12m Lamellés,L160X405/12m,LAMELLES,Lamellés
LC,160,405,13,"0,8424","555,98 €",,660,,LCCO,160x405mm 13m Lamellés,L160X405/13m,LAMELLES,Lamellés
LC,160,450,2,"0,144","95,04 €",,660,,LCCO,160x450mm 2m Lamellés,L160X450/2m,LAMELLES,Lamellés
LC,160,450,3,"0,216","142,56 €",,660,,LCCO,160x450mm 3m Lamellés,L160X450/3m,LAMELLES,Lamellés
LC,160,450,4,"0,288","190,08 €",,660,,LCCO,160x450mm 4m Lamellés,L160X450/4m,LAMELLES,Lamellés
LC,160,450,5,"0,36","237,60 €",,660,,LCCO,160x450mm 5m Lamellés,L160X450/5m,LAMELLES,Lamellés
LC,160,450,6,"0,432","285,12 €",,660,,LCCO,160x450mm 6m Lamellés,L160X450/6m,LAMELLES,Lamellés
LC,160,450,7,"0,504","332,64 €",,660,,LCCO,160x450mm 7m Lamellés,L160X450/7m,LAMELLES,Lamellés
LC,160,450,8,"0,576","380,16 €",,660,,LCCO,160x450mm 8m Lamellés,L160X450/8m,LAMELLES,Lamellés
LC,160,450,9,"0,648","427,68 €",,660,,LCCO,160x450mm 9m Lamellés,L160X450/9m,LAMELLES,Lamellés
LC,160,450,10,"0,72","475,20 €",,660,,LCCO,160x450mm 10m Lamellés,L160X450/10m,LAMELLES,Lamellés
LC,160,450,11,"0,792","522,72 €",,660,,LCCO,160x450mm 11m Lamellés,L160X450/11m,LAMELLES,Lamellés
LC,160,450,12,"0,864","570,24 €",,660,,LCCO,160x450mm 12m Lamellés,L160X450/12m,LAMELLES,Lamellés
LC,160,450,13,"0,936","617,76 €",,660,,LCCO,160x450mm 13m Lamellés,L160X450/13m,LAMELLES,Lamellés
LC,160,495,2,"0,1584","104,54 €",,660,,LCCO,160x495mm 2m Lamellés,L160X495/2m,LAMELLES,Lamellés
LC,160,495,3,"0,2376","156,82 €",,660,,LCCO,160x495mm 3m Lamellés,L160X495/3m,LAMELLES,Lamellés
LC,160,495,4,"0,3168","209,09 €",,660,,LCCO,160x495mm 4m Lamellés,L160X495/4m,LAMELLES,Lamellés
LC,160,495,5,"0,396","261,36 €",,660,,LCCO,160x495mm 5m Lamellés,L160X495/5m,LAMELLES,Lamellés
LC,160,495,6,"0,4752","313,63 €",,660,,LCCO,160x495mm 6m Lamellés,L160X495/6m,LAMELLES,Lamellés
LC,160,495,7,"0,5544","365,90 €",,660,,LCCO,160x495mm 7m Lamellés,L160X495/7m,LAMELLES,Lamellés
LC,160,495,8,"0,6336","418,18 €",,660,,LCCO,160x495mm 8m Lamellés,L160X495/8m,LAMELLES,Lamellés
LC,160,495,9,"0,7128","470,45 €",,660,,LCCO,160x495mm 9m Lamellés,L160X495/9m,LAMELLES,Lamellés
LC,160,495,10,"0,792","522,72 €",,660,,LCCO,160x495mm 10m Lamellés,L160X495/10m,LAMELLES,Lamellés
LC,160,495,11,"0,8712","574,99 €",,660,,LCCO,160x495mm 11m Lamellés,L160X495/11m,LAMELLES,Lamellés
LC,160,495,12,"0,9504","627,26 €",,660,,LCCO,160x495mm 12m Lamellés,L160X495/12m,LAMELLES,Lamellés
LC,160,495,13,"1,0296","679,54 €",,660,,LCCO,160x495mm 13m Lamellés,L160X495/13m,LAMELLES,Lamellés
LC,160,540,2,"0,1728","114,05 €",,660,,LCCO,160x540mm 2m Lamellés,L160X540/2m,LAMELLES,Lamellés
LC,160,540,3,"0,2592","171,07 €",,660,,LCCO,160x540mm 3m Lamellés,L160X540/3m,LAMELLES,Lamellés
LC,160,540,4,"0,3456","228,10 €",,660,,LCCO,160x540mm 4m Lamellés,L160X540/4m,LAMELLES,Lamellés
LC,160,540,5,"0,432","285,12 €",,660,,LCCO,160x540mm 5m Lamellés,L160X540/5m,LAMELLES,Lamellés
LC,160,540,6,"0,5184","342,14 €",,660,,LCCO,160x540mm 6m Lamellés,L160X540/6m,LAMELLES,Lamellés
LC,160,540,7,"0,6048","399,17 €",,660,,LCCO,160x540mm 7m Lamellés,L160X540/7m,LAMELLES,Lamellés
LC,160,540,8,"0,6912","456,19 €",,660,,LCCO,160x540mm 8m Lamellés,L160X540/8m,LAMELLES,Lamellés
LC,160,540,9,"0,7776","513,22 €",,660,,LCCO,160x540mm 9m Lamellés,L160X540/9m,LAMELLES,Lamellés
LC,160,540,10,"0,864","570,24 €",,660,,LCCO,160x540mm 10m Lamellés,L160X540/10m,LAMELLES,Lamellés
LC,160,540,11,"0,9504","627,26 €",,660,,LCCO,160x540mm 11m Lamellés,L160X540/11m,LAMELLES,Lamellés
LC,160,540,12,"1,0368","684,29 €",,660,,LCCO,160x540mm 12m Lamellés,L160X540/12m,LAMELLES,Lamellés
LC,160,540,13,"1,1232","741,31 €",,660,,LCCO,160x540mm 13m Lamellés,L160X540/13m,LAMELLES,Lamellés
LC,160,585,2,"0,1872","123,55 €",,660,,LCCO,160x585mm 2m Lamellés,L160X585/2m,LAMELLES,Lamellés
LC,160,585,3,"0,2808","185,33 €",,660,,LCCO,160x585mm 3m Lamellés,L160X585/3m,LAMELLES,Lamellés
LC,160,585,4,"0,3744","247,10 €",,660,,LCCO,160x585mm 4m Lamellés,L160X585/4m,LAMELLES,Lamellés
LC,160,585,5,"0,468","308,88 €",,660,,LCCO,160x585mm 5m Lamellés,L160X585/5m,LAMELLES,Lamellés
LC,160,585,6,"0,5616","370,66 €",,660,,LCCO,160x585mm 6m Lamellés,L160X585/6m,LAMELLES,Lamellés
LC,160,585,7,"0,6552","432,43 €",,660,,LCCO,160x585mm 7m Lamellés,L160X585/7m,LAMELLES,Lamellés
LC,160,585,8,"0,7488","494,21 €",,660,,LCCO,160x585mm 8m Lamellés,L160X585/8m,LAMELLES,Lamellés
LC,160,585,9,"0,8424","555,98 €",,660,,LCCO,160x585mm 9m Lamellés,L160X585/9m,LAMELLES,Lamellés
LC,160,585,10,"0,936","617,76 €",,660,,LCCO,160x585mm 10m Lamellés,L160X585/10m,LAMELLES,Lamellés
LC,160,585,11,"1,0296","679,54 €",,660,,LCCO,160x585mm 11m Lamellés,L160X585/11m,LAMELLES,Lamellés
LC,160,585,12,"1,1232","741,31 €",,660,,LCCO,160x585mm 12m Lamellés,L160X585/12m,LAMELLES,Lamellés
LC,160,585,13,"1,2168","803,09 €",,660,,LCCO,160x585mm 13m Lamellés,L160X585/13m,LAMELLES,Lamellés
LC,160,630,2,"0,2016","133,06 €",,660,,LCCO,160x630mm 2m Lamellés,L160X630/2m,LAMELLES,Lamellés
LC,160,630,3,"0,3024","199,58 €",,660,,LCCO,160x630mm 3m Lamellés,L160X630/3m,LAMELLES,Lamellés
LC,160,630,4,"0,4032","266,11 €",,660,,LCCO,160x630mm 4m Lamellés,L160X630/4m,LAMELLES,Lamellés
LC,160,630,5,"0,504","332,64 €",,660,,LCCO,160x630mm 5m Lamellés,L160X630/5m,LAMELLES,Lamellés
LC,160,630,6,"0,6048","399,17 €",,660,,LCCO,160x630mm 6m Lamellés,L160X630/6m,LAMELLES,Lamellés
LC,160,630,7,"0,7056","465,70 €",,660,,LCCO,160x630mm 7m Lamellés,L160X630/7m,LAMELLES,Lamellés
LC,160,630,8,"0,8064","532,22 €",,660,,LCCO,160x630mm 8m Lamellés,L160X630/8m,LAMELLES,Lamellés
LC,160,630,9,"0,9072","598,75 €",,660,,LCCO,160x630mm 9m Lamellés,L160X630/9m,LAMELLES,Lamellés
LC,160,630,10,"1,008","665,28 €",,660,,LCCO,160x630mm 10m Lamellés,L160X630/10m,LAMELLES,Lamellés
LC,160,630,11,"1,1088","731,81 €",,660,,LCCO,160x630mm 11m Lamellés,L160X630/11m,LAMELLES,Lamellés
LC,160,630,12,"1,2096","798,34 €",,660,,LCCO,160x630mm 12m Lamellés,L160X630/12m,LAMELLES,Lamellés
LC,160,630,13,"1,3104","864,86 €",,660,,LCCO,160x630mm 13m Lamellés,L160X630/13m,LAMELLES,Lamellés
LC,160,675,2,"0,216","142,56 €",,660,,LCCO,160x675mm 2m Lamellés,L160X675/2m,LAMELLES,Lamellés
LC,160,675,3,"0,324","213,84 €",,660,,LCCO,160x675mm 3m Lamellés,L160X675/3m,LAMELLES,Lamellés
LC,160,675,4,"0,432","285,12 €",,660,,LCCO,160x675mm 4m Lamellés,L160X675/4m,LAMELLES,Lamellés
LC,160,675,5,"0,54","356,40 €",,660,,LCCO,160x675mm 5m Lamellés,L160X675/5m,LAMELLES,Lamellés
LC,160,675,6,"0,648","427,68 €",,660,,LCCO,160x675mm 6m Lamellés,L160X675/6m,LAMELLES,Lamellés
LC,160,675,7,"0,756","498,96 €",,660,,LCCO,160x675mm 7m Lamellés,L160X675/7m,LAMELLES,Lamellés
LC,160,675,8,"0,864","570,24 €",,660,,LCCO,160x675mm 8m Lamellés,L160X675/8m,LAMELLES,Lamellés
LC,160,675,9,"0,972","641,52 €",,660,,LCCO,160x675mm 9m Lamellés,L160X675/9m,LAMELLES,Lamellés
LC,160,675,10,"1,08","712,80 €",,660,,LCCO,160x675mm 10m Lamellés,L160X675/10m,LAMELLES,Lamellés
LC,160,675,11,"1,188","784,08 €",,660,,LCCO,160x675mm 11m Lamellés,L160X675/11m,LAMELLES,Lamellés
LC,160,675,12,"1,296","855,36 €",,660,,LCCO,160x675mm 12m Lamellés,L160X675/12m,LAMELLES,Lamellés
LC,160,675,13,"1,404","926,64 €",,660,,LCCO,160x675mm 13m Lamellés,L160X675/13m,LAMELLES,Lamellés
LC,160,160,3,"0,0768","50,69 €",,660,,LCCO,160x160mm 3m Lamellés,L160X160/3m,LAMELLES,Lamellés
LC,160,160,4,"0,1024","67,58 €",,660,,LCCO,160x160mm 4m Lamellés,L160X160/4m,LAMELLES,Lamellés
LC,160,160,5,"0,128","84,48 €",,660,,LCCO,160x160mm 5m Lamellés,L160X160/5m,LAMELLES,Lamellés
LC,160,160,6,"0,1536","101,38 €",,660,,LCCO,160x160mm 6m Lamellés,L160X160/6m,LAMELLES,Lamellés
LC,160,160,7,"0,1792","118,27 €",,660,,LCCO,160x160mm 7m Lamellés,L160X160/7m,LAMELLES,Lamellés
LC,160,160,8,"0,2048","135,17 €",,660,,LCCO,160x160mm 8m Lamellés,L160X160/8m,LAMELLES,Lamellés
LC,160,160,9,"0,2304","152,06 €",,660,,LCCO,160x160mm 9m Lamellés,L160X160/9m,LAMELLES,Lamellés
LC,160,160,10,"0,256","168,96 €",,660,,LCCO,160x160mm 10m Lamellés,L160X160/10m,LAMELLES,Lamellés
LC,160,160,11,"0,2816","185,86 €",,660,,LCCO,160x160mm 11m Lamellés,L160X160/11m,LAMELLES,Lamellés
LC,160,160,12,"0,3072","202,75 €",,660,,LCCO,160x160mm 12m Lamellés,L160X160/12m,LAMELLES,Lamellés
LC,160,160,13,"0,3328","219,65 €",,660,,LCCO,160x160mm 13m Lamellés,L160X160/13m,LAMELLES,Lamellés
LC,185,185,3,"0,102675","72,90 €",,710,,LCCO,185x185mm 3m Lamellés,L185X185/3m,LAMELLES,Lamellés
LC,185,185,4,"0,1369","97,20 €",,710,,LCCO,185x185mm 4m Lamellés,L185X185/4m,LAMELLES,Lamellés
LC,185,185,5,"0,171125","121,50 €",,710,,LCCO,185x185mm 5m Lamellés,L185X185/5m,LAMELLES,Lamellés
LC,185,185,6,"0,20535","145,80 €",,710,,LCCO,185x185mm 6m Lamellés,L185X185/6m,LAMELLES,Lamellés
LC,185,185,7,"0,239575","170,10 €",,710,,LCCO,185x185mm 7m Lamellés,L185X185/7m,LAMELLES,Lamellés
LC,185,185,8,"0,2738","194,40 €",,710,,LCCO,185x185mm 8m Lamellés,L185X185/8m,LAMELLES,Lamellés
LC,185,185,9,"0,308025","218,70 €",,710,,LCCO,185x185mm 9m Lamellés,L185X185/9m,LAMELLES,Lamellés
LC,185,185,10,"0,34225","243,00 €",,710,,LCCO,185x185mm 10m Lamellés,L185X185/10m,LAMELLES,Lamellés
LC,185,185,11,"0,376475","267,30 €",,710,,LCCO,185x185mm 11m Lamellés,L185X185/11m,LAMELLES,Lamellés
LC,185,185,12,"0,4107","291,60 €",,710,,LCCO,185x185mm 12m Lamellés,L185X185/12m,LAMELLES,Lamellés
LC,185,185,13,"0,444925","315,90 €",,710,,LCCO,185x185mm 13m Lamellés,L185X185/13m,LAMELLES,Lamellés
LC,210,210,3,"0,1323","93,93 €",,710,,LCCO,210x210mm 3m Lamellés,L210X210/3m,LAMELLES,Lamellés
LC,210,210,4,"0,1764","125,24 €",,710,,LCCO,210x210mm 4m Lamellés,L210X210/4m,LAMELLES,Lamellés
LC,210,210,5,"0,2205","156,56 €",,710,,LCCO,210x210mm 5m Lamellés,L210X210/5m,LAMELLES,Lamellés
LC,210,210,6,"0,2646","187,87 €",,710,,LCCO,210x210mm 6m Lamellés,L210X210/6m,LAMELLES,Lamellés
LC,210,210,7,"0,3087","219,18 €",,710,,LCCO,210x210mm 7m Lamellés,L210X210/7m,LAMELLES,Lamellés
LC,210,210,8,"0,3528","250,49 €",,710,,LCCO,210x210mm 8m Lamellés,L210X210/8m,LAMELLES,Lamellés
LC,210,210,9,"0,3969","281,80 €",,710,,LCCO,210x210mm 9m Lamellés,L210X210/9m,LAMELLES,Lamellés
LC,210,210,10,"0,441","313,11 €",,710,,LCCO,210x210mm 10m Lamellés,L210X210/10m,LAMELLES,Lamellés
LC,210,210,11,"0,4851","344,42 €",,710,,LCCO,210x210mm 11m Lamellés,L210X210/11m,LAMELLES,Lamellés
LC,210,210,12,"0,5292","375,73 €",,710,,LCCO,210x210mm 12m Lamellés,L210X210/12m,LAMELLES,Lamellés
LC,210,210,13,"0,5733","407,04 €",,710,,LCCO,210x210mm 13m Lamellés,L210X210/13m,LAMELLES,Lamellés
LC,90,270,2,"0,0486","29,89 €",,615,,YVON ET FILS,90x270mm 2m Lamellés,L90X270/2m,LAMELLES,Lamellés
LC,90,270,3,"0,0729","44,83 €",,615,,YVON ET FILS,90x270mm 3m Lamellés,L90X270/3m,LAMELLES,Lamellés
LC,90,270,4,"0,0972","59,78 €",,615,,YVON ET FILS,90x270mm 4m Lamellés,L90X270/4m,LAMELLES,Lamellés
LC,90,270,5,"0,1215","74,72 €",,615,,YVON ET FILS,90x270mm 5m Lamellés,L90X270/5m,LAMELLES,Lamellés
LC,90,270,6,"0,1458","89,67 €",,615,,YVON ET FILS,90x270mm 6m Lamellés,L90X270/6m,LAMELLES,Lamellés
LC,90,270,7,"0,1701","104,61 €",,615,,YVON ET FILS,90x270mm 7m Lamellés,L90X270/7m,LAMELLES,Lamellés
LC,90,270,8,"0,1944","119,56 €",,615,,YVON ET FILS,90x270mm 8m Lamellés,L90X270/8m,LAMELLES,Lamellés
LC,90,270,9,"0,2187","134,50 €",,615,,YVON ET FILS,90x270mm 9m Lamellés,L90X270/9m,LAMELLES,Lamellés
LC,90,270,10,"0,243","149,45 €",,615,,YVON ET FILS,90x270mm 10m Lamellés,L90X270/10m,LAMELLES,Lamellés
LC,90,270,11,"0,2673","164,39 €",,615,,YVON ET FILS,90x270mm 11m Lamellés,L90X270/11m,LAMELLES,Lamellés
LC,90,270,12,"0,2916","179,33 €",,615,,YVON ET FILS,90x270mm 12m Lamellés,L90X270/12m,LAMELLES,Lamellés
LC,90,270,"13,5","0,32805","201,75 €",,615,,YVON ET FILS,"90x270mm 13,5m Lamellés","L90X270/13,5m",LAMELLES,Lamellés
LC,90,320,2,"0,0576","35,42 €",,615,,YVON ET FILS,90x320mm 2m Lamellés,L90X320/2m,LAMELLES,Lamellés
LC,90,320,3,"0,0864","53,14 €",,615,,YVON ET FILS,90x320mm 3m Lamellés,L90X320/3m,LAMELLES,Lamellés
LC,90,320,4,"0,1152","70,85 €",,615,,YVON ET FILS,90x320mm 4m Lamellés,L90X320/4m,LAMELLES,Lamellés
LC,90,320,5,"0,144","88,56 €",,615,,YVON ET FILS,90x320mm 5m Lamellés,L90X320/5m,LAMELLES,Lamellés
LC,90,320,6,"0,1728","106,27 €",,615,,YVON ET FILS,90x320mm 6m Lamellés,L90X320/6m,LAMELLES,Lamellés
LC,90,320,7,"0,2016","123,98 €",,615,,YVON ET FILS,90x320mm 7m Lamellés,L90X320/7m,LAMELLES,Lamellés
LC,90,320,"7,5","0,216","132,84 €",,615,,YVON ET FILS,"90x320mm 7,5m Lamellés","L90X320/7,5m",LAMELLES,Lamellés
LC,90,320,8,"0,2304","141,70 €",,615,,YVON ET FILS,90x320mm 8m Lamellés,L90X320/8m,LAMELLES,Lamellés
LC,90,320,9,"0,2592","159,41 €",,615,,YVON ET FILS,90x320mm 9m Lamellés,L90X320/9m,LAMELLES,Lamellés
LC,90,320,10,"0,288","177,12 €",,615,,YVON ET FILS,90x320mm 10m Lamellés,L90X320/10m,LAMELLES,Lamellés
LC,90,320,11,"0,3168","194,83 €",,615,,YVON ET FILS,90x320mm 11m Lamellés,L90X320/11m,LAMELLES,Lamellés
LC,90,320,12,"0,3456","212,54 €",,615,,YVON ET FILS,90x320mm 12m Lamellés,L90X320/12m,LAMELLES,Lamellés
LC,90,320,13,"0,3744","230,26 €",,615,,YVON ET FILS,90x320mm 13m Lamellés,L90X320/13m,LAMELLES,Lamellés
LC,90,320,"13,5","0,3888","239,11 €",,615,,YVON ET FILS,"90x320mm 13,5m Lamellés","L90X320/13,5m",LAMELLES,Lamellés
LC,90,360,2,"0,0648","39,85 €",,615,,YVON ET FILS,90x360mm 2m Lamellés,L90X360/2m,LAMELLES,Lamellés
LC,90,360,3,"0,0972","59,78 €",,615,,YVON ET FILS,90x360mm 3m Lamellés,L90X360/3m,LAMELLES,Lamellés
LC,90,360,4,"0,1296","79,70 €",,615,,YVON ET FILS,90x360mm 4m Lamellés,L90X360/4m,LAMELLES,Lamellés
LC,90,360,5,"0,162","99,63 €",,615,,YVON ET FILS,90x360mm 5m Lamellés,L90X360/5m,LAMELLES,Lamellés
LC,90,360,6,"0,1944","119,56 €",,615,,YVON ET FILS,90x360mm 6m Lamellés,L90X360/6m,LAMELLES,Lamellés
LC,90,360,7,"0,2268","139,48 €",,615,,YVON ET FILS,90x360mm 7m Lamellés,L90X360/7m,LAMELLES,Lamellés
LC,90,360,8,"0,2592","159,41 €",,615,,YVON ET FILS,90x360mm 8m Lamellés,L90X360/8m,LAMELLES,Lamellés
LC,90,360,9,"0,2916","179,33 €",,615,,YVON ET FILS,90x360mm 9m Lamellés,L90X360/9m,LAMELLES,Lamellés
LC,90,360,10,"0,324","199,26 €",,615,,YVON ET FILS,90x360mm 10m Lamellés,L90X360/10m,LAMELLES,Lamellés
LC,90,360,11,"0,3564","219,19 €",,615,,YVON ET FILS,90x360mm 11m Lamellés,L90X360/11m,LAMELLES,Lamellés
LC,90,360,12,"0,3888","239,11 €",,615,,YVON ET FILS,90x360mm 12m Lamellés,L90X360/12m,LAMELLES,Lamellés
LC,90,360,13,"0,4212","259,04 €",,615,,YVON ET FILS,90x360mm 13m Lamellés,L90X360/13m,LAMELLES,Lamellés
LC,90,360,"13,5","0,4374","269,00 €",,615,,YVON ET FILS,"90x360mm 13,5m Lamellés","L90X360/13,5m",LAMELLES,Lamellés
LC,120,400,2,"0,096","59,04 €",,615,,YVON ET FILS,120x400mm 2m Lamellés,L120X400/2m,LAMELLES,Lamellés
LC,120,400,3,"0,144","88,56 €",,615,,YVON ET FILS,120x400mm 3m Lamellés,L120X400/3m,LAMELLES,Lamellés
LC,120,400,4,"0,192","118,08 €",,615,,YVON ET FILS,120x400mm 4m Lamellés,L120X400/4m,LAMELLES,Lamellés
LC,120,400,5,"0,24","147,60 €",,615,,YVON ET FILS,120x400mm 5m Lamellés,L120X400/5m,LAMELLES,Lamellés
LC,120,400,6,"0,288","177,12 €",,615,,YVON ET FILS,120x400mm 6m Lamellés,L120X400/6m,LAMELLES,Lamellés
LC,120,400,7,"0,336","206,64 €",,615,,YVON ET FILS,120x400mm 7m Lamellés,L120X400/7m,LAMELLES,Lamellés
LC,120,400,8,"0,384","236,16 €",,615,,YVON ET FILS,120x400mm 8m Lamellés,L120X400/8m,LAMELLES,Lamellés
LC,120,400,9,"0,432","265,68 €",,615,,YVON ET FILS,120x400mm 9m Lamellés,L120X400/9m,LAMELLES,Lamellés
LC,120,400,10,"0,48","295,20 €",,615,,YVON ET FILS,120x400mm 10m Lamellés,L120X400/10m,LAMELLES,Lamellés
LC,120,400,11,"0,528","324,72 €",,615,,YVON ET FILS,120x400mm 11m Lamellés,L120X400/11m,LAMELLES,Lamellés
LC,120,400,12,"0,576","354,24 €",,615,,YVON ET FILS,120x400mm 12m Lamellés,L120X400/12m,LAMELLES,Lamellés
LC,120,400,13,"0,624","383,76 €",,615,,YVON ET FILS,120x400mm 13m Lamellés,L120X400/13m,LAMELLES,Lamellés
LC,120,400,"13,5","0,648","398,52 €",,615,,YVON ET FILS,"120x400mm 13,5m Lamellés","L120X400/13,5m",LAMELLES,Lamellés
LC,140,520,2,"0,1456","89,54 €",,615,,YVON ET FILS,140x520mm 2m Lamellés,L140X520/2m,LAMELLES,Lamellés
LC,140,520,3,"0,2184","134,32 €",,615,,YVON ET FILS,140x520mm 3m Lamellés,L140X520/3m,LAMELLES,Lamellés
LC,140,520,4,"0,2912","179,09 €",,615,,YVON ET FILS,140x520mm 4m Lamellés,L140X520/4m,LAMELLES,Lamellés
LC,140,520,5,"0,364","223,86 €",,615,,YVON ET FILS,140x520mm 5m Lamellés,L140X520/5m,LAMELLES,Lamellés
LC,140,520,6,"0,4368","268,63 €",,615,,YVON ET FILS,140x520mm 6m Lamellés,L140X520/6m,LAMELLES,Lamellés
LC,140,520,7,"0,5096","313,40 €",,615,,YVON ET FILS,140x520mm 7m Lamellés,L140X520/7m,LAMELLES,Lamellés
LC,140,520,8,"0,5824","358,18 €",,615,,YVON ET FILS,140x520mm 8m Lamellés,L140X520/8m,LAMELLES,Lamellés
LC,140,520,9,"0,6552","402,95 €",,615,,YVON ET FILS,140x520mm 9m Lamellés,L140X520/9m,LAMELLES,Lamellés
LC,140,520,10,"0,728","447,72 €",,615,,YVON ET FILS,140x520mm 10m Lamellés,L140X520/10m,LAMELLES,Lamellés
LC,140,520,11,"0,8008","492,49 €",,615,,YVON ET FILS,140x520mm 11m Lamellés,L140X520/11m,LAMELLES,Lamellés
LC,140,520,12,"0,8736","537,26 €",,615,,YVON ET FILS,140x520mm 12m Lamellés,L140X520/12m,LAMELLES,Lamellés
LC,140,520,13,"0,9464","582,04 €",,615,,YVON ET FILS,140x520mm 13m Lamellés,L140X520/13m,LAMELLES,Lamellés
LC,140,520,"13,5","0,9828","604,42 €",,615,,YVON ET FILS,"140x520mm 13,5m Lamellés","L140X520/13,5m",LAMELLES,Lamellés